DATE,OPEN,HIGH,LOW,CLOSE,VOLUME
20210601,0.0300,0.0300,0.0300,0.0300,0
20210602,0.0300,0.0300,0.0300,0.0300,0
20210603,0.0300,0.0300,0.0300,0.0300,0
20210604,0.0300,0.0300,0.0300,0.0300,0
20210607,0.0300,0.0300,0.0300,0.0300,0
20210608,0.0300,0.0300,0.0300,0.0300,0
20210609,0.0300,0.0300,0.0300,0.0300,0
20210610,0.0300,0.0300,0.0300,0.0300,0
20210611,0.0300,0.0300,0.0300,0.0300,0
20210615,0.0300,0.0300,0.0300,0.0300,0
20210616,0.0300,0.0300,0.0300,0.0300,0
20210617,0.0300,0.0300,0.0300,0.0300,0
20210618,0.0300,0.0300,0.0300,0.0300,0
20210621,0.0300,0.0300,0.0300,0.0300,0
20210622,0.0300,0.0300,0.0300,0.0300,0
20210623,0.0300,0.0300,0.0300,0.0300,0
20210624,0.0300,0.0300,0.0300,0.0300,0
20210625,0.0300,0.0300,0.0300,0.0300,0
20210628,0.0300,0.0300,0.0300,0.0300,0
20210629,0.0300,0.0300,0.0300,0.0300,0
20210630,0.0300,0.0300,0.0300,0.0300,0
20210701,0.0300,0.0300,0.0300,0.0300,0
20210702,0.0300,0.0300,0.0300,0.0300,0
20210705,0.0300,0.0300,0.0300,0.0300,0
20210706,0.0300,0.0300,0.0300,0.0300,0
20210707,0.0300,0.0300,0.0300,0.0300,0
20210708,0.0300,0.0300,0.0300,0.0300,0
20210709,0.0300,0.0300,0.0300,0.0300,0
20210712,0.0300,0.0300,0.0300,0.0300,0
20210713,0.0300,0.0300,0.0300,0.0300,0
20210714,0.0300,0.0300,0.0300,0.0300,0
20210715,0.0300,0.0300,0.0300,0.0300,0
20210716,0.0300,0.0300,0.0300,0.0300,0
20210719,0.0300,0.0300,0.0300,0.0300,0
20210720,0.0300,0.0300,0.0300,0.0300,0
20210721,0.0300,0.0300,0.0300,0.0300,0
20210722,0.0300,0.0300,0.0300,0.0300,0
20210723,0.0300,0.0300,0.0300,0.0300,0
20210726,0.0300,0.0300,0.0300,0.0300,0
20210727,0.0300,0.0300,0.0300,0.0300,0
20210728,0.0300,0.0300,0.0300,0.0300,0
20210729,0.0300,0.0300,0.0300,0.0300,0
20210730,0.0300,0.0300,0.0300,0.0300,0
20210802,0.0300,0.0300,0.0300,0.0300,0
20210803,0.0300,0.0300,0.0300,0.0300,0
20210804,0.0300,0.0300,0.0300,0.0300,0
20210805,0.0300,0.0300,0.0300,0.0300,0
20210806,0.0300,0.0300,0.0300,0.0300,0
20210809,0.0300,0.0300,0.0300,0.0300,0
20210810,0.0300,0.0300,0.0300,0.0300,0
20210811,0.0300,0.0300,0.0300,0.0300,0
20210812,0.0300,0.0300,0.0300,0.0300,0
20210813,0.0300,0.0300,0.0300,0.0300,0
20210816,0.0300,0.0300,0.0300,0.0300,0
20210817,0.0300,0.0300,0.0300,0.0300,0
20210818,0.0300,0.0300,0.0300,0.0300,0
20210819,0.0300,0.0300,0.0300,0.0300,0
20210820,0.0300,0.0300,0.0300,0.0300,0
20210823,0.0300,0.0300,0.0300,0.0300,0
20210824,0.0300,0.0300,0.0300,0.0300,0
20210825,0.0300,0.0300,0.0300,0.0300,0
20210826,0.0300,0.0300,0.0300,0.0300,0
20210827,0.0300,0.0300,0.0300,0.0300,0
20210830,0.0300,0.0300,0.0300,0.0300,0
20210831,0.0300,0.0300,0.0300,0.0300,0
20210901,0.0300,0.0300,0.0300,0.0300,0
20210902,0.0300,0.0300,0.0300,0.0300,0
20210903,0.0300,0.0300,0.0300,0.0300,0
20210906,0.0300,0.0300,0.0300,0.0300,0
20210907,0.0300,0.0300,0.0300,0.0300,0
20210908,0.0300,0.0300,0.0300,0.0300,0
20210909,0.0300,0.0300,0.0300,0.0300,0
20210910,0.0300,0.0300,0.0300,0.0300,0
20210913,0.0300,0.0300,0.0300,0.0300,0
20210914,0.0300,0.0300,0.0300,0.0300,0
20210915,0.0300,0.0300,0.0300,0.0300,0
20210916,0.0300,0.0300,0.0300,0.0300,0
20210917,0.0300,0.0300,0.0300,0.0300,0
20210920,0.0300,0.0300,0.0300,0.0300,0
20210921,0.0300,0.0300,0.0300,0.0300,0
20210922,0.0300,0.0300,0.0300,0.0300,0
20210923,0.0300,0.0300,0.0300,0.0300,0
20210924,0.0300,0.0300,0.0300,0.0300,0
20210927,0.0300,0.0300,0.0300,0.0300,0
20210928,0.0300,0.0300,0.0300,0.0300,0
20210929,0.0300,0.0300,0.0300,0.0300,0
20210930,0.0300,0.0300,0.0300,0.0300,0
20211001,0.0300,0.0300,0.0300,0.0300,0
20211004,0.0300,0.0300,0.0300,0.0300,0
20211005,0.0300,0.0300,0.0300,0.0300,0
20211006,0.0300,0.0300,0.0300,0.0300,0
20211007,0.0300,0.0300,0.0300,0.0300,0
20211008,0.0300,0.0300,0.0300,0.0300,0
20211011,0.0300,0.0300,0.0300,0.0300,0
20211012,0.0300,0.0300,0.0300,0.0300,0
20211013,0.0300,0.0300,0.0300,0.0300,0
20211014,0.0300,0.0300,0.0300,0.0300,0
20211015,0.0300,0.0300,0.0300,0.0300,0
20211018,0.0300,0.0300,0.0300,0.0300,0
20211019,0.0300,0.0300,0.0300,0.0300,0
20211020,0.0300,0.0300,0.0300,0.0300,0
20211021,0.0300,0.0300,0.0300,0.0300,0
20211022,0.0300,0.0300,0.0300,0.0300,0
20211025,0.0300,0.0300,0.0300,0.0300,0
20211026,0.0300,0.0300,0.0300,0.0300,0
20211027,0.0300,0.0300,0.0300,0.0300,0
20211028,0.0300,0.0300,0.0300,0.0300,0
20211029,0.0300,0.0300,0.0300,0.0300,0
20211101,0.0300,0.0300,0.0300,0.0300,0
20211102,0.0300,0.0300,0.0300,0.0300,0
20211103,0.0300,0.0300,0.0300,0.0300,0
20211104,0.0300,0.0300,0.0300,0.0300,0
20211105,0.0300,0.0300,0.0300,0.0300,0
20211108,0.0300,0.0300,0.0300,0.0300,0
20211109,0.0300,0.0300,0.0300,0.0300,0
20211110,0.0300,0.0300,0.0300,0.0300,0
20211111,0.0300,0.0300,0.0300,0.0300,0
20211112,0.0400,0.0400,0.0400,0.0400,0
20211115,0.0400,0.0400,0.0400,0.0400,0
20211116,0.0400,0.0400,0.0400,0.0400,0
20211117,0.0400,0.0400,0.0400,0.0400,0
20211118,0.0400,0.0400,0.0400,0.0400,0
20211119,0.0400,0.0400,0.0400,0.0400,0
20211122,0.0400,0.0400,0.0400,0.0400,0
20211123,0.0400,0.0400,0.0400,0.0400,0
20211124,0.0400,0.0400,0.0400,0.0400,0
20211125,0.0400,0.0400,0.0400,0.0400,0
20211126,0.0400,0.0400,0.0400,0.0400,0
20211129,0.0400,0.0400,0.0400,0.0400,0
20211130,0.0400,0.0400,0.0400,0.0400,0
20211201,0.0400,0.0400,0.0400,0.0400,0
20211202,0.0400,0.0400,0.0400,0.0400,0
20211203,0.0400,0.0400,0.0400,0.0400,0
20211206,0.0400,0.0400,0.0400,0.0400,0
20211207,0.0400,0.0400,0.0400,0.0400,0
20211208,0.0400,0.0400,0.0400,0.0400,0
20211209,0.0400,0.0400,0.0400,0.0400,0
20211210,0.0400,0.0400,0.0400,0.0400,0
20211213,0.0400,0.0400,0.0400,0.0400,0
20211214,0.0400,0.0400,0.0400,0.0400,0
20211215,0.0400,0.0400,0.0400,0.0400,0
20211216,0.0400,0.0400,0.0400,0.0400,0
20211217,0.0400,0.0400,0.0400,0.0400,0
20211220,0.0400,0.0400,0.0400,0.0400,0
20211221,0.0400,0.0400,0.0400,0.0400,0
20211222,0.0400,0.0400,0.0400,0.0400,0
20211223,0.0400,0.0400,0.0400,0.0400,0
20211224,0.0400,0.0400,0.0400,0.0400,0
20211229,0.0400,0.0400,0.0400,0.0400,0
20211230,0.0400,0.0400,0.0400,0.0400,0
20211231,0.0400,0.0400,0.0400,0.0400,0
20220104,0.0400,0.0400,0.0400,0.0400,0
20220105,0.0400,0.0400,0.0400,0.0400,0
20220106,0.0400,0.0400,0.0400,0.0400,0
20220107,0.0400,0.0400,0.0400,0.0400,0
20220110,0.0400,0.0400,0.0400,0.0400,0
20220111,0.0400,0.0400,0.0400,0.0400,0
20220112,0.0400,0.0400,0.0400,0.0400,0
20220113,0.0500,0.0500,0.0500,0.0500,0
20220114,0.0500,0.0500,0.0500,0.0500,0
20220117,0.0500,0.0500,0.0500,0.0500,0
20220118,0.0500,0.0500,0.0500,0.0500,0
20220119,0.0500,0.0500,0.0500,0.0500,0
20220120,0.0500,0.0500,0.0500,0.0500,0
20220121,0.0500,0.0500,0.0500,0.0500,0
20220124,0.0500,0.0500,0.0500,0.0500,0
20220125,0.0500,0.0500,0.0500,0.0500,0
20220127,0.0500,0.0500,0.0500,0.0500,0
20220128,0.0500,0.0500,0.0500,0.0500,0
20220131,0.0500,0.0500,0.0500,0.0500,0
20220201,0.0500,0.0500,0.0500,0.0500,0
20220202,0.0500,0.0500,0.0500,0.0500,0
20220203,0.0500,0.0500,0.0500,0.0500,0
20220204,0.0500,0.0500,0.0500,0.0500,0
20220207,0.0500,0.0500,0.0500,0.0500,0
20220208,0.0500,0.0500,0.0500,0.0500,0
20220209,0.0500,0.0500,0.0500,0.0500,0
20220210,0.0500,0.0500,0.0500,0.0500,0
20220211,0.0500,0.0500,0.0500,0.0500,0
20220214,0.0500,0.0500,0.0500,0.0500,0
20220215,0.0500,0.0500,0.0500,0.0500,0
20220216,0.0500,0.0500,0.0500,0.0500,0
20220217,0.0500,0.0500,0.0500,0.0500,0
20220218,0.0500,0.0500,0.0500,0.0500,0
20220221,0.0500,0.0500,0.0500,0.0500,0
20220222,0.0500,0.0500,0.0500,0.0500,0
20220223,0.0500,0.0500,0.0500,0.0500,0
20220224,0.0500,0.0500,0.0500,0.0500,0
20220225,0.0500,0.0500,0.0500,0.0500,0
20220228,0.0500,0.0500,0.0500,0.0500,0
20220301,0.0500,0.0500,0.0500,0.0500,0
20220302,0.0500,0.0500,0.0500,0.0500,0
20220303,0.0500,0.0500,0.0500,0.0500,0
20220304,0.0500,0.0500,0.0500,0.0500,0
20220307,0.0500,0.0500,0.0500,0.0500,0
20220308,0.0500,0.0500,0.0500,0.0500,0
20220309,0.0500,0.0500,0.0500,0.0500,0
20220310,0.0500,0.0500,0.0500,0.0500,0
20220311,0.0500,0.0500,0.0500,0.0500,0
20220314,0.0500,0.0500,0.0500,0.0500,0
20220315,0.0500,0.0500,0.0500,0.0500,0
20220316,0.0500,0.0500,0.0500,0.0500,0
20220317,0.0500,0.0500,0.0500,0.0500,0
20220318,0.0500,0.0500,0.0500,0.0500,0
20220321,0.0500,0.0500,0.0500,0.0500,0
20220322,0.0500,0.0500,0.0500,0.0500,0
20220323,0.0500,0.0500,0.0500,0.0500,0
20220324,0.0500,0.0500,0.0500,0.0500,0
20220325,0.0500,0.0500,0.0500,0.0500,0
20220328,0.0500,0.0500,0.0500,0.0500,0
20220329,0.0500,0.0500,0.0500,0.0500,0
20220330,0.0500,0.0500,0.0500,0.0500,0
20220331,0.0900,0.0900,0.0900,0.0900,0
20220401,0.0700,0.0700,0.0700,0.0700,0
20220404,0.0600,0.0600,0.0600,0.0600,0
20220405,0.0600,0.0600,0.0600,0.0600,0
20220406,0.0600,0.0600,0.0600,0.0600,0
20220407,0.0600,0.0600,0.0600,0.0600,0
20220408,0.0600,0.0600,0.0600,0.0600,0
20220411,0.0600,0.0600,0.0600,0.0600,0
20220412,0.0600,0.0600,0.0600,0.0600,0
20220413,0.0600,0.0600,0.0600,0.0600,0
20220414,0.0600,0.0600,0.0600,0.0600,0
20220419,0.0600,0.0600,0.0600,0.0600,0
20220420,0.0600,0.0600,0.0600,0.0600,0
20220421,0.0600,0.0600,0.0600,0.0600,0
20220422,0.0600,0.0600,0.0600,0.0600,0
20220426,0.0600,0.0600,0.0600,0.0600,0
20220427,0.0600,0.0600,0.0600,0.0600,0
20220428,0.0600,0.0600,0.0600,0.0600,0
20220429,0.0600,0.0600,0.0600,0.0600,0
20220502,0.0600,0.0600,0.0600,0.0600,0
20220503,0.0700,0.0700,0.0700,0.0700,0
20220504,0.3100,0.3100,0.3100,0.3100,0
20220505,0.3100,0.3100,0.3100,0.3100,0
20220506,0.3100,0.3100,0.3100,0.3100,0
20220509,0.3100,0.3100,0.3100,0.3100,0
20220510,0.3100,0.3100,0.3100,0.3100,0
20220511,0.3100,0.3100,0.3100,0.3100,0
20220512,0.3100,0.3100,0.3100,0.3100,0
20220513,0.3100,0.3100,0.3100,0.3100,0
20220516,0.3100,0.3100,0.3100,0.3100,0
20220517,0.3100,0.3100,0.3100,0.3100,0
20220518,0.3100,0.3100,0.3100,0.3100,0
20220519,0.3100,0.3100,0.3100,0.3100,0
20220520,0.3100,0.3100,0.3100,0.3100,0
20220523,0.3100,0.3100,0.3100,0.3100,0
20220524,0.3100,0.3100,0.3100,0.3100,0
20220525,0.3100,0.3100,0.3100,0.3100,0
20220526,0.3100,0.3100,0.3100,0.3100,0
20220527,0.3100,0.3100,0.3100,0.3100,0
20220530,0.3100,0.3100,0.3100,0.3100,0
20220531,0.3100,0.3100,0.3100,0.3100,0
20220601,0.3100,0.3100,0.3100,0.3100,0
20220602,0.3100,0.3100,0.3100,0.3100,0
20220603,0.3100,0.3100,0.3100,0.3100,0
20220606,0.3100,0.3100,0.3100,0.3100,0
20220607,0.3100,0.3100,0.3100,0.3100,0
20220608,0.8100,0.8100,0.8100,0.8100,0
20220609,0.8200,0.8200,0.8200,0.8200,0
20220610,0.8100,0.8100,0.8100,0.8100,0
20220614,0.8100,0.8100,0.8100,0.8100,0
20220615,0.8100,0.8100,0.8100,0.8100,0
20220616,0.8100,0.8100,0.8100,0.8100,0
20220617,0.8100,0.8100,0.8100,0.8100,0
20220620,0.8100,0.8100,0.8100,0.8100,0
20220621,0.8100,0.8100,0.8100,0.8100,0
20220622,0.8100,0.8100,0.8100,0.8100,0
20220623,0.8100,0.8100,0.8100,0.8100,0
20220624,0.8100,0.8100,0.8100,0.8100,0
20220627,0.8100,0.8100,0.8100,0.8100,0
20220628,0.8100,0.8100,0.8100,0.8100,0
20220629,0.8100,0.8100,0.8100,0.8100,0
20220630,0.8100,0.8100,0.8100,0.8100,0
20220701,0.8100,0.8100,0.8100,0.8100,0
20220704,0.8100,0.8100,0.8100,0.8100,0
20220705,0.8100,0.8100,0.8100,0.8100,0
20220706,1.3100,1.3100,1.3100,1.3100,0
20220707,1.3100,1.3100,1.3100,1.3100,0
20220708,1.3100,1.3100,1.3100,1.3100,0
20220711,1.3100,1.3100,1.3100,1.3100,0
20220712,1.3100,1.3100,1.3100,1.3100,0
20220713,1.3100,1.3100,1.3100,1.3100,0
20220714,1.3100,1.3100,1.3100,1.3100,0
20220715,1.3100,1.3100,1.3100,1.3100,0
20220718,1.3100,1.3100,1.3100,1.3100,0
20220719,1.3100,1.3100,1.3100,1.3100,0
20220720,1.3100,1.3100,1.3100,1.3100,0
20220721,1.3100,1.3100,1.3100,1.3100,0
20220722,1.3100,1.3100,1.3100,1.3100,0
20220725,1.3100,1.3100,1.3100,1.3100,0
20220726,1.3100,1.3100,1.3100,1.3100,0
20220727,1.3100,1.3100,1.3100,1.3100,0
20220728,1.3100,1.3100,1.3100,1.3100,0
20220729,1.3100,1.3100,1.3100,1.3100,0
20220801,1.3100,1.3100,1.3100,1.3100,0
20220802,1.3100,1.3100,1.3100,1.3100,0
20220803,1.8100,1.8100,1.8100,1.8100,0
20220804,1.8100,1.8100,1.8100,1.8100,0
20220805,1.8100,1.8100,1.8100,1.8100,0
20220808,1.8100,1.8100,1.8100,1.8100,0
20220809,1.8100,1.8100,1.8100,1.8100,0
20220810,1.8100,1.8100,1.8100,1.8100,0
20220811,1.8100,1.8100,1.8100,1.8100,0
20220812,1.8100,1.8100,1.8100,1.8100,0
20220815,1.8100,1.8100,1.8100,1.8100,0
20220816,1.8100,1.8100,1.8100,1.8100,0
20220817,1.8100,1.8100,1.8100,1.8100,0
20220818,1.8100,1.8100,1.8100,1.8100,0
20220819,1.8100,1.8100,1.8100,1.8100,0
20220822,1.8100,1.8100,1.8100,1.8100,0
20220823,1.8100,1.8100,1.8100,1.8100,0
20220824,1.8100,1.8100,1.8100,1.8100,0
20220825,1.8100,1.8100,1.8100,1.8100,0
20220826,1.8100,1.8100,1.8100,1.8100,0
20220829,1.8100,1.8100,1.8100,1.8100,0
20220830,1.8100,1.8100,1.8100,1.8100,0
20220831,1.8100,1.8100,1.8100,1.8100,0
20220901,1.8100,1.8100,1.8100,1.8100,0
20220902,1.8100,1.8100,1.8100,1.8100,0
20220905,1.8100,1.8100,1.8100,1.8100,0
20220906,1.8100,1.8100,1.8100,1.8100,0
20220907,2.3100,2.3100,2.3100,2.3100,0
20220908,2.3100,2.3100,2.3100,2.3100,0
20220909,2.3100,2.3100,2.3100,2.3100,0
20220912,2.3100,2.3100,2.3100,2.3100,0
20220913,2.3100,2.3100,2.3100,2.3100,0
20220914,2.3100,2.3100,2.3100,2.3100,0
20220915,2.3100,2.3100,2.3100,2.3100,0
20220916,2.3100,2.3100,2.3100,2.3100,0
20220919,2.3100,2.3100,2.3100,2.3100,0
20220920,2.3100,2.3100,2.3100,2.3100,0
20220921,2.3100,2.3100,2.3100,2.3100,0
20220923,2.3100,2.3100,2.3100,2.3100,0
20220926,2.3100,2.3100,2.3100,2.3100,0
20220927,2.3100,2.3100,2.3100,2.3100,0
20220928,2.3100,2.3100,2.3100,2.3100,0
20220929,2.3100,2.3100,2.3100,2.3100,0
20220930,2.3100,2.3100,2.3100,2.3100,0
20221003,2.3100,2.3100,2.3100,2.3100,0
20221004,2.3100,2.3100,2.3100,2.3100,0
20221005,2.5600,2.5600,2.5600,2.5600,0
20221006,2.5600,2.5600,2.5600,2.5600,0
20221007,2.5600,2.5600,2.5600,2.5600,0
20221010,2.5600,2.5600,2.5600,2.5600,0
20221011,2.5600,2.5600,2.5600,2.5600,0
20221012,2.5600,2.5600,2.5600,2.5600,0
20221013,2.5600,2.5600,2.5600,2.5600,0
20221014,2.5600,2.5600,2.5600,2.5600,0
20221017,2.5600,2.5600,2.5600,2.5600,0
20221018,2.5600,2.5600,2.5600,2.5600,0
20221019,2.5600,2.5600,2.5600,2.5600,0
20221020,2.5600,2.5600,2.5600,2.5600,0
20221021,2.5600,2.5600,2.5600,2.5600,0
20221024,2.5600,2.5600,2.5600,2.5600,0
20221025,2.5600,2.5600,2.5600,2.5600,0
20221026,2.5600,2.5600,2.5600,2.5600,0
20221027,2.5600,2.5600,2.5600,2.5600,0
20221028,2.5600,2.5600,2.5600,2.5600,0
20221031,2.5600,2.5600,2.5600,2.5600,0
20221101,2.5600,2.5600,2.5600,2.5600,0
20221102,2.8100,2.8100,2.8100,2.8100,0
20221103,2.8100,2.8100,2.8100,2.8100,0
20221104,2.8100,2.8100,2.8100,2.8100,0
20221107,2.8100,2.8100,2.8100,2.8100,0
20221108,2.8100,2.8100,2.8100,2.8100,0
20221109,2.8100,2.8100,2.8100,2.8100,0
20221110,2.8100,2.8100,2.8100,2.8100,0
20221111,2.8100,2.8100,2.8100,2.8100,0
20221114,2.8100,2.8100,2.8100,2.8100,0
20221115,2.8100,2.8100,2.8100,2.8100,0
20221116,2.8100,2.8100,2.8100,2.8100,0
20221117,2.8100,2.8100,2.8100,2.8100,0
20221118,2.8100,2.8100,2.8100,2.8100,0
20221121,2.8100,2.8100,2.8100,2.8100,0
20221122,2.8100,2.8100,2.8100,2.8100,0
20221123,2.8100,2.8100,2.8100,2.8100,0
20221124,2.8100,2.8100,2.8100,2.8100,0
20221125,2.8100,2.8100,2.8100,2.8100,0
20221128,2.8100,2.8100,2.8100,2.8100,0
20221129,2.8100,2.8100,2.8100,2.8100,0
20221130,2.8200,2.8200,2.8200,2.8200,0
20221201,2.8100,2.8100,2.8100,2.8100,0
20221202,2.8200,2.8200,2.8200,2.8200,0
20221205,2.8100,2.8100,2.8100,2.8100,0
20221206,2.8100,2.8100,2.8100,2.8100,0
20221207,3.0600,3.0600,3.0600,3.0600,0
20221208,3.0600,3.0600,3.0600,3.0600,0
20221209,3.0600,3.0600,3.0600,3.0600,0
20221212,3.0600,3.0600,3.0600,3.0600,0
20221213,3.0600,3.0600,3.0600,3.0600,0
20221214,3.0600,3.0600,3.0600,3.0600,0
20221215,3.0600,3.0600,3.0600,3.0600,0
20221216,3.0600,3.0600,3.0600,3.0600,0
20221219,3.0600,3.0600,3.0600,3.0600,0
20221220,3.0600,3.0600,3.0600,3.0600,0
20221221,3.0600,3.0600,3.0600,3.0600,0
20221222,3.0600,3.0600,3.0600,3.0600,0
20221223,3.0600,3.0600,3.0600,3.0600,0
20221228,3.0600,3.0600,3.0600,3.0600,0
20221229,3.0600,3.0600,3.0600,3.0600,0
20221230,3.0700,3.0700,3.0700,3.0700,0
20230103,3.0700,3.0700,3.0700,3.0700,0
20230104,3.0700,3.0700,3.0700,3.0700,0
20230105,3.0700,3.0700,3.0700,3.0700,0
20230106,3.0700,3.0700,3.0700,3.0700,0
20230109,3.0700,3.0700,3.0700,3.0700,0
20230110,3.0700,3.0700,3.0700,3.0700,0
20230111,3.0700,3.0700,3.0700,3.0700,0
20230112,3.0700,3.0700,3.0700,3.0700,0
20230113,3.0700,3.0700,3.0700,3.0700,0
20230116,3.0700,3.0700,3.0700,3.0700,0
20230117,3.0700,3.0700,3.0700,3.0700,0
20230118,3.0700,3.0700,3.0700,3.0700,0
20230119,3.0700,3.0700,3.0700,3.0700,0
20230120,3.0700,3.0700,3.0700,3.0700,0
20230123,3.0700,3.0700,3.0700,3.0700,0
20230124,3.0700,3.0700,3.0700,3.0700,0
20230125,3.0700,3.0700,3.0700,3.0700,0
20230127,3.0700,3.0700,3.0700,3.0700,0
20230130,3.0700,3.0700,3.0700,3.0700,0
20230131,3.0700,3.0700,3.0700,3.0700,0
20230201,3.0700,3.0700,3.0700,3.0700,0
20230202,3.0700,3.0700,3.0700,3.0700,0
20230203,3.0700,3.0700,3.0700,3.0700,0
20230206,3.0700,3.0700,3.0700,3.0700,0
20230207,3.0700,3.0700,3.0700,3.0700,0
20230208,3.3200,3.3200,3.3200,3.3200,0
20230209,3.3200,3.3200,3.3200,3.3200,0
20230210,3.3200,3.3200,3.3200,3.3200,0
20230213,3.3200,3.3200,3.3200,3.3200,0
20230214,3.3200,3.3200,3.3200,3.3200,0
20230215,3.3200,3.3200,3.3200,3.3200,0
20230216,3.3200,3.3200,3.3200,3.3200,0
20230217,3.3200,3.3200,3.3200,3.3200,0
20230220,3.3200,3.3200,3.3200,3.3200,0
20230221,3.3200,3.3200,3.3200,3.3200,0
20230222,3.3300,3.3300,3.3300,3.3300,0
20230223,3.3200,3.3200,3.3200,3.3200,0
20230224,3.3200,3.3200,3.3200,3.3200,0
20230227,3.3200,3.3200,3.3200,3.3200,0
20230228,3.3200,3.3200,3.3200,3.3200,0
20230301,3.3200,3.3200,3.3200,3.3200,0
20230302,3.3200,3.3200,3.3200,3.3200,0
20230303,3.3200,3.3200,3.3200,3.3200,0
20230306,3.3200,3.3200,3.3200,3.3200,0
20230307,3.3200,3.3200,3.3200,3.3200,0
20230308,3.5700,3.5700,3.5700,3.5700,0
20230309,3.5700,3.5700,3.5700,3.5700,0
20230310,3.5700,3.5700,3.5700,3.5700,0
20230313,3.5700,3.5700,3.5700,3.5700,0
20230314,3.5700,3.5700,3.5700,3.5700,0
20230315,3.5700,3.5700,3.5700,3.5700,0
20230316,3.5700,3.5700,3.5700,3.5700,0
20230317,3.5700,3.5700,3.5700,3.5700,0
20230320,3.5700,3.5700,3.5700,3.5700,0
20230321,3.5700,3.5700,3.5700,3.5700,0
20230322,3.5700,3.5700,3.5700,3.5700,0
20230323,3.5700,3.5700,3.5700,3.5700,0
20230324,3.5700,3.5700,3.5700,3.5700,0
20230327,3.5700,3.5700,3.5700,3.5700,0
20230328,3.5700,3.5700,3.5700,3.5700,0
20230329,3.5700,3.5700,3.5700,3.5700,0
20230330,3.5700,3.5700,3.5700,3.5700,0
20230331,3.5700,3.5700,3.5700,3.5700,0
20230403,3.5700,3.5700,3.5700,3.5700,0
20230404,3.5700,3.5700,3.5700,3.5700,0
20230405,3.5700,3.5700,3.5700,3.5700,0
20230406,3.5700,3.5700,3.5700,3.5700,0
20230411,3.5700,3.5700,3.5700,3.5700,0
20230412,3.5700,3.5700,3.5700,3.5700,0
20230413,3.5700,3.5700,3.5700,3.5700,0
20230414,3.5700,3.5700,3.5700,3.5700,0
20230417,3.5700,3.5700,3.5700,3.5700,0
20230418,3.5700,3.5700,3.5700,3.5700,0
20230419,3.5700,3.5700,3.5700,3.5700,0
20230420,3.5700,3.5700,3.5700,3.5700,0
20230421,3.5700,3.5700,3.5700,3.5700,0
20230424,3.5700,3.5700,3.5700,3.5700,0
20230426,3.5700,3.5700,3.5700,3.5700,0
20230427,3.5700,3.5700,3.5700,3.5700,0
20230428,3.5700,3.5700,3.5700,3.5700,0
20230501,3.5700,3.5700,3.5700,3.5700,0
20230502,3.5700,3.5700,3.5700,3.5700,0
20230503,3.8200,3.8200,3.8200,3.8200,0
20230504,3.8200,3.8200,3.8200,3.8200,0
20230505,3.8200,3.8200,3.8200,3.8200,0
20230508,3.8200,3.8200,3.8200,3.8200,0
20230509,3.8200,3.8200,3.8200,3.8200,0
20230510,3.8200,3.8200,3.8200,3.8200,0
20230511,3.8200,3.8200,3.8200,3.8200,0
20230512,3.8200,3.8200,3.8200,3.8200,0
20230515,3.8200,3.8200,3.8200,3.8200,0
20230516,3.8200,3.8200,3.8200,3.8200,0
20230517,3.8200,3.8200,3.8200,3.8200,0
20230518,3.8200,3.8200,3.8200,3.8200,0
20230519,3.8200,3.8200,3.8200,3.8200,0
20230522,3.8200,3.8200,3.8200,3.8200,0
20230523,3.8200,3.8200,3.8200,3.8200,0
20230524,3.8200,3.8200,3.8200,3.8200,0
20230525,3.8200,3.8200,3.8200,3.8200,0
20230526,3.8200,3.8200,3.8200,3.8200,0
20230529,3.8200,3.8200,3.8200,3.8200,0
20230530,3.8200,3.8200,3.8200,3.8200,0
20230531,3.8200,3.8200,3.8200,3.8200,0
20230601,3.8200,3.8200,3.8200,3.8200,0
20230602,3.8200,3.8200,3.8200,3.8200,0
20230605,3.8200,3.8200,3.8200,3.8200,0
20230606,3.8200,3.8200,3.8200,3.8200,0
20230607,4.0700,4.0700,4.0700,4.0700,0
20230608,4.0700,4.0700,4.0700,4.0700,0
20230609,4.0700,4.0700,4.0700,4.0700,0
20230613,4.0700,4.0700,4.0700,4.0700,0
20230614,4.0700,4.0700,4.0700,4.0700,0
20230615,4.0700,4.0700,4.0700,4.0700,0
20230616,4.0700,4.0700,4.0700,4.0700,0
20230619,4.0700,4.0700,4.0700,4.0700,0
20230620,4.0700,4.0700,4.0700,4.0700,0
20230621,4.0700,4.0700,4.0700,4.0700,0
20230622,4.0700,4.0700,4.0700,4.0700,0
20230623,4.0700,4.0700,4.0700,4.0700,0
20230626,4.0700,4.0700,4.0700,4.0700,0
20230627,4.0700,4.0700,4.0700,4.0700,0
20230628,4.0700,4.0700,4.0700,4.0700,0
20230629,4.0700,4.0700,4.0700,4.0700,0
20230630,4.0700,4.0700,4.0700,4.0700,0
20230703,4.0700,4.0700,4.0700,4.0700,0
20230704,4.0700,4.0700,4.0700,4.0700,0
20230705,4.0700,4.0700,4.0700,4.0700,0
20230706,4.0700,4.0700,4.0700,4.0700,0
20230707,4.0700,4.0700,4.0700,4.0700,0
20230710,4.0700,4.0700,4.0700,4.0700,0
20230711,4.0700,4.0700,4.0700,4.0700,0
20230712,4.0700,4.0700,4.0700,4.0700,0
20230713,4.0700,4.0700,4.0700,4.0700,0
20230714,4.0700,4.0700,4.0700,4.0700,0
20230717,4.0700,4.0700,4.0700,4.0700,0
20230718,4.0700,4.0700,4.0700,4.0700,0
20230719,4.0700,4.0700,4.0700,4.0700,0
20230720,4.0700,4.0700,4.0700,4.0700,0
20230721,4.0700,4.0700,4.0700,4.0700,0
20230724,4.0700,4.0700,4.0700,4.0700,0
20230725,4.0700,4.0700,4.0700,4.0700,0
20230726,4.0700,4.0700,4.0700,4.0700,0
20230727,4.0700,4.0700,4.0700,4.0700,0
20230728,4.0700,4.0700,4.0700,4.0700,0
20230731,4.0700,4.0700,4.0700,4.0700,0
20230801,4.0700,4.0700,4.0700,4.0700,0
20230802,4.0700,4.0700,4.0700,4.0700,0
20230803,4.0700,4.0700,4.0700,4.0700,0
20230804,4.0700,4.0700,4.0700,4.0700,0
20230807,4.0700,4.0700,4.0700,4.0700,0
20230808,4.0700,4.0700,4.0700,4.0700,0
20230809,4.0700,4.0700,4.0700,4.0700,0
20230810,4.0700,4.0700,4.0700,4.0700,0
20230811,4.0700,4.0700,4.0700,4.0700,0
20230814,4.0700,4.0700,4.0700,4.0700,0
20230815,4.0700,4.0700,4.0700,4.0700,0
20230816,4.0700,4.0700,4.0700,4.0700,0
20230817,4.0700,4.0700,4.0700,4.0700,0
20230818,4.0700,4.0700,4.0700,4.0700,0
20230821,4.0700,4.0700,4.0700,4.0700,0
20230822,4.0700,4.0700,4.0700,4.0700,0
20230823,4.0700,4.0700,4.0700,4.0700,0
20230824,4.0700,4.0700,4.0700,4.0700,0
20230825,4.0700,4.0700,4.0700,4.0700,0
20230828,4.0700,4.0700,4.0700,4.0700,0
20230829,4.0700,4.0700,4.0700,4.0700,0
20230830,4.0700,4.0700,4.0700,4.0700,0
20230831,4.0700,4.0700,4.0700,4.0700,0
20230901,4.0700,4.0700,4.0700,4.0700,0
20230904,4.0700,4.0700,4.0700,4.0700,0
20230905,4.0700,4.0700,4.0700,4.0700,0
20230906,4.0700,4.0700,4.0700,4.0700,0
20230907,4.0700,4.0700,4.0700,4.0700,0
20230908,4.0700,4.0700,4.0700,4.0700,0
20230911,4.0700,4.0700,4.0700,4.0700,0
20230912,4.0700,4.0700,4.0700,4.0700,0
20230913,4.0700,4.0700,4.0700,4.0700,0
20230914,4.0700,4.0700,4.0700,4.0700,0
20230915,4.0700,4.0700,4.0700,4.0700,0
20230918,4.0700,4.0700,4.0700,4.0700,0
20230919,4.0700,4.0700,4.0700,4.0700,0
20230920,4.0700,4.0700,4.0700,4.0700,0
20230921,4.0700,4.0700,4.0700,4.0700,0
20230922,4.0700,4.0700,4.0700,4.0700,0
20230925,4.0700,4.0700,4.0700,4.0700,0
20230926,4.0700,4.0700,4.0700,4.0700,0
20230927,4.0700,4.0700,4.0700,4.0700,0
20230928,4.0700,4.0700,4.0700,4.0700,0
20230929,4.0700,4.0700,4.0700,4.0700,0
20231002,4.0700,4.0700,4.0700,4.0700,0
20231003,4.0700,4.0700,4.0700,4.0700,0
20231004,4.0700,4.0700,4.0700,4.0700,0
20231005,4.0700,4.0700,4.0700,4.0700,0
20231006,4.0700,4.0700,4.0700,4.0700,0
20231009,4.0700,4.0700,4.0700,4.0700,0
20231010,4.0700,4.0700,4.0700,4.0700,0
20231011,4.0700,4.0700,4.0700,4.0700,0
20231012,4.0700,4.0700,4.0700,4.0700,0
20231013,4.0700,4.0700,4.0700,4.0700,0
20231016,4.0700,4.0700,4.0700,4.0700,0
20231017,4.0700,4.0700,4.0700,4.0700,0
20231018,4.0700,4.0700,4.0700,4.0700,0
20231019,4.0700,4.0700,4.0700,4.0700,0
20231020,4.0700,4.0700,4.0700,4.0700,0
20231023,4.0700,4.0700,4.0700,4.0700,0
20231024,4.0700,4.0700,4.0700,4.0700,0
20231025,4.0700,4.0700,4.0700,4.0700,0
20231026,4.0700,4.0700,4.0700,4.0700,0
20231027,4.0700,4.0700,4.0700,4.0700,0
20231030,4.0700,4.0700,4.0700,4.0700,0
20231031,4.0700,4.0700,4.0700,4.0700,0
20231101,4.0700,4.0700,4.0700,4.0700,0
20231102,4.0700,4.0700,4.0700,4.0700,0
20231103,4.0700,4.0700,4.0700,4.0700,0
20231106,4.0700,4.0700,4.0700,4.0700,0
20231107,4.0700,4.0700,4.0700,4.0700,0
20231108,4.3200,4.3200,4.3200,4.3200,0
20231109,4.3200,4.3200,4.3200,4.3200,0
20231110,4.3200,4.3200,4.3200,4.3200,0
20231113,4.3200,4.3200,4.3200,4.3200,0
20231114,4.3200,4.3200,4.3200,4.3200,0
20231115,4.3200,4.3200,4.3200,4.3200,0
20231116,4.3200,4.3200,4.3200,4.3200,0
20231117,4.3200,4.3200,4.3200,4.3200,0
20231120,4.3200,4.3200,4.3200,4.3200,0
20231121,4.3200,4.3200,4.3200,4.3200,0
20231122,4.3200,4.3200,4.3200,4.3200,0
20231123,4.3200,4.3200,4.3200,4.3200,0
20231124,4.3200,4.3200,4.3200,4.3200,0
20231127,4.3200,4.3200,4.3200,4.3200,0
20231128,4.3200,4.3200,4.3200,4.3200,0
20231129,4.3200,4.3200,4.3200,4.3200,0
20231130,4.3200,4.3200,4.3200,4.3200,0
20231201,4.3200,4.3200,4.3200,4.3200,0
20231204,4.3200,4.3200,4.3200,4.3200,0
20231205,4.3200,4.3200,4.3200,4.3200,0
20231206,4.3200,4.3200,4.3200,4.3200,0
20231207,4.3200,4.3200,4.3200,4.3200,0
20231208,4.3200,4.3200,4.3200,4.3200,0
20231211,4.3200,4.3200,4.3200,4.3200,0
20231212,4.3200,4.3200,4.3200,4.3200,0
20231213,4.3200,4.3200,4.3200,4.3200,0
20231214,4.3200,4.3200,4.3200,4.3200,0
20231215,4.3200,4.3200,4.3200,4.3200,0
20231218,4.3200,4.3200,4.3200,4.3200,0
20231219,4.3200,4.3200,4.3200,4.3200,0
20231220,4.3200,4.3200,4.3200,4.3200,0
20231221,4.3200,4.3200,4.3200,4.3200,0
20231222,4.3200,4.3200,4.3200,4.3200,0
20231227,4.3200,4.3200,4.3200,4.3200,0
20231228,4.3200,4.3200,4.3200,4.3200,0
20231229,4.3200,4.3200,4.3200,4.3200,0
20240102,4.3200,4.3200,4.3200,4.3200,0
20240103,4.3200,4.3200,4.3200,4.3200,0
20240104,4.3200,4.3200,4.3200,4.3200,0
20240105,4.3200,4.3200,4.3200,4.3200,0
20240108,4.3200,4.3200,4.3200,4.3200,0
20240109,4.3200,4.3200,4.3200,4.3200,0
20240110,4.3200,4.3200,4.3200,4.3200,0
20240111,4.3200,4.3200,4.3200,4.3200,0
20240112,4.3200,4.3200,4.3200,4.3200,0
20240115,4.3200,4.3200,4.3200,4.3200,0
20240116,4.3200,4.3200,4.3200,4.3200,0
20240117,4.3200,4.3200,4.3200,4.3200,0
20240118,4.3200,4.3200,4.3200,4.3200,0
20240119,4.3200,4.3200,4.3200,4.3200,0
20240122,4.3200,4.3200,4.3200,4.3200,0
20240123,4.3200,4.3200,4.3200,4.3200,0
20240124,4.3200,4.3200,4.3200,4.3200,0
20240125,4.3200,4.3200,4.3200,4.3200,0
20240129,4.3200,4.3200,4.3200,4.3200,0
20240130,4.3200,4.3200,4.3200,4.3200,0
20240131,4.3200,4.3200,4.3200,4.3200,0
20240201,4.3200,4.3200,4.3200,4.3200,0
20240202,4.3200,4.3200,4.3200,4.3200,0
20240205,4.3200,4.3200,4.3200,4.3200,0
20240206,4.3200,4.3200,4.3200,4.3200,0
20240207,4.3200,4.3200,4.3200,4.3200,0
20240208,4.3200,4.3200,4.3200,4.3200,0
20240209,4.3200,4.3200,4.3200,4.3200,0
20240212,4.3200,4.3200,4.3200,4.3200,0
20240213,4.3200,4.3200,4.3200,4.3200,0
20240214,4.3200,4.3200,4.3200,4.3200,0
20240215,4.3200,4.3200,4.3200,4.3200,0
20240216,4.3200,4.3200,4.3200,4.3200,0
20240219,4.3200,4.3200,4.3200,4.3200,0
20240220,4.3200,4.3200,4.3200,4.3200,0
20240221,4.3200,4.3200,4.3200,4.3200,0
20240222,4.3200,4.3200,4.3200,4.3200,0
20240223,4.3200,4.3200,4.3200,4.3200,0
20240226,4.3200,4.3200,4.3200,4.3200,0
20240227,4.3200,4.3200,4.3200,4.3200,0
20240228,4.3200,4.3200,4.3200,4.3200,0
20240229,4.3200,4.3200,4.3200,4.3200,0
20240301,4.3200,4.3200,4.3200,4.3200,0
20240304,4.3200,4.3200,4.3200,4.3200,0
20240305,4.3200,4.3200,4.3200,4.3200,0
20240306,4.3200,4.3200,4.3200,4.3200,0
20240307,4.3200,4.3200,4.3200,4.3200,0
20240308,4.3200,4.3200,4.3200,4.3200,0
20240311,4.3200,4.3200,4.3200,4.3200,0
20240312,4.3200,4.3200,4.3200,4.3200,0
20240313,4.3200,4.3200,4.3200,4.3200,0
20240314,4.3200,4.3200,4.3200,4.3200,0
20240315,4.3200,4.3200,4.3200,4.3200,0
20240318,4.3200,4.3200,4.3200,4.3200,0
20240319,4.3200,4.3200,4.3200,4.3200,0
20240320,4.3200,4.3200,4.3200,4.3200,0
20240321,4.3200,4.3200,4.3200,4.3200,0
20240322,4.3200,4.3200,4.3200,4.3200,0
20240325,4.3200,4.3200,4.3200,4.3200,0
20240326,4.3200,4.3200,4.3200,4.3200,0
20240327,4.3200,4.3200,4.3200,4.3200,0
20240328,4.3200,4.3200,4.3200,4.3200,0
20240402,4.3200,4.3200,4.3200,4.3200,0
20240403,4.3200,4.3200,4.3200,4.3200,0
20240404,4.3200,4.3200,4.3200,4.3200,0
20240405,4.3200,4.3200,4.3200,4.3200,0
20240408,4.3200,4.3200,4.3200,4.3200,0
20240409,4.3200,4.3200,4.3200,4.3200,0
20240410,4.3200,4.3200,4.3200,4.3200,0
20240411,4.3200,4.3200,4.3200,4.3200,0
20240412,4.3200,4.3200,4.3200,4.3200,0
20240415,4.3200,4.3200,4.3200,4.3200,0
20240416,4.3200,4.3200,4.3200,4.3200,0
20240417,4.3200,4.3200,4.3200,4.3200,0
20240418,4.3200,4.3200,4.3200,4.3200,0
20240419,4.3200,4.3200,4.3200,4.3200,0
20240422,4.3200,4.3200,4.3200,4.3200,0
20240423,4.3200,4.3200,4.3200,4.3200,0
20240424,4.3200,4.3200,4.3200,4.3200,0
20240426,4.3200,4.3200,4.3200,4.3200,0
20240429,4.3200,4.3200,4.3200,4.3200,0
20240430,4.3200,4.3200,4.3200,4.3200,0
20240501,4.3200,4.3200,4.3200,4.3200,0
20240502,4.3200,4.3200,4.3200,4.3200,0
20240503,4.3200,4.3200,4.3200,4.3200,0
20240506,4.3200,4.3200,4.3200,4.3200,0
20240507,4.3200,4.3200,4.3200,4.3200,0
20240508,4.3200,4.3200,4.3200,4.3200,0
20240509,4.3200,4.3200,4.3200,4.3200,0
20240510,4.3200,4.3200,4.3200,4.3200,0
20240513,4.3200,4.3200,4.3200,4.3200,0
20240514,4.3200,4.3200,4.3200,4.3200,0
20240515,4.3200,4.3200,4.3200,4.3200,0
20240516,4.3200,4.3200,4.3200,4.3200,0
20240517,4.3200,4.3200,4.3200,4.3200,0
20240520,4.3200,4.3200,4.3200,4.3200,0
20240521,4.3200,4.3200,4.3200,4.3200,0
20240522,4.3200,4.3200,4.3200,4.3200,0
20240523,4.3200,4.3200,4.3200,4.3200,0
20240524,4.3300,4.3300,4.3300,4.3300,0
20240527,4.3300,4.3300,4.3300,4.3300,0
20240528,4.3200,4.3200,4.3200,4.3200,0
20240529,4.3200,4.3200,4.3200,4.3200,0
20240530,4.3200,4.3200,4.3200,4.3200,0
20240531,4.3200,4.3200,4.3200,4.3200,0
20240603,4.3200,4.3200,4.3200,4.3200,0
20240604,4.3200,4.3200,4.3200,4.3200,0
20240605,4.3200,4.3200,4.3200,4.3200,0
20240606,4.3200,4.3200,4.3200,4.3200,0
20240607,4.3200,4.3200,4.3200,4.3200,0
20240611,4.3200,4.3200,4.3200,4.3200,0
20240612,4.3200,4.3200,4.3200,4.3200,0
20240613,4.3200,4.3200,4.3200,4.3200,0
20240614,4.3200,4.3200,4.3200,4.3200,0
20240617,4.3200,4.3200,4.3200,4.3200,0
20240618,4.3200,4.3200,4.3200,4.3200,0
20240619,4.3300,4.3300,4.3300,4.3300,0
20240620,4.3300,4.3300,4.3300,4.3300,0
20240621,4.3300,4.3300,4.3300,4.3300,0
20240624,4.3300,4.3300,4.3300,4.3300,0
20240625,4.3300,4.3300,4.3300,4.3300,0
20240626,4.3300,4.3300,4.3300,4.3300,0
20240627,4.3300,4.3300,4.3300,4.3300,0
20240628,4.3300,4.3300,4.3300,4.3300,0
20240701,4.3300,4.3300,4.3300,4.3300,0
20240702,4.3300,4.3300,4.3300,4.3300,0
20240703,4.3300,4.3300,4.3300,4.3300,0
20240704,4.3300,4.3300,4.3300,4.3300,0
20240705,4.3400,4.3400,4.3400,4.3400,0
20240708,4.3400,4.3400,4.3400,4.3400,0
20240709,4.3400,4.3400,4.3400,4.3400,0
20240710,4.3400,4.3400,4.3400,4.3400,0
20240711,4.3400,4.3400,4.3400,4.3400,0
20240712,4.3400,4.3400,4.3400,4.3400,0
20240715,4.3400,4.3400,4.3400,4.3400,0
20240716,4.3400,4.3400,4.3400,4.3400,0
20240717,4.3400,4.3400,4.3400,4.3400,0
20240718,4.3400,4.3400,4.3400,4.3400,0
20240719,4.3400,4.3400,4.3400,4.3400,0
20240722,4.3400,4.3400,4.3400,4.3400,0
20240723,4.3400,4.3400,4.3400,4.3400,0
20240724,4.3400,4.3400,4.3400,4.3400,0
20240725,4.3400,4.3400,4.3400,4.3400,0
20240726,4.3400,4.3400,4.3400,4.3400,0
20240729,4.3400,4.3400,4.3400,4.3400,0
20240730,4.3400,4.3400,4.3400,4.3400,0
20240731,4.3400,4.3400,4.3400,4.3400,0
20240801,4.3400,4.3400,4.3400,4.3400,0
20240802,4.3400,4.3400,4.3400,4.3400,0
20240805,4.3400,4.3400,4.3400,4.3400,0
20240806,4.3400,4.3400,4.3400,4.3400,0
20240807,4.3400,4.3400,4.3400,4.3400,0
20240808,4.3400,4.3400,4.3400,4.3400,0
20240809,4.3400,4.3400,4.3400,4.3400,0
20240812,4.3400,4.3400,4.3400,4.3400,0
20240813,4.3400,4.3400,4.3400,4.3400,0
20240814,4.3400,4.3400,4.3400,4.3400,0
20240815,4.3400,4.3400,4.3400,4.3400,0
20240816,4.3400,4.3400,4.3400,4.3400,0
20240819,4.3400,4.3400,4.3400,4.3400,0
20240820,4.3400,4.3400,4.3400,4.3400,0
20240821,4.3400,4.3400,4.3400,4.3400,0
20240822,4.3400,4.3400,4.3400,4.3400,0
20240823,4.3400,4.3400,4.3400,4.3400,0
20240826,4.3400,4.3400,4.3400,4.3400,0
20240827,4.3400,4.3400,4.3400,4.3400,0
20240828,4.3400,4.3400,4.3400,4.3400,0
20240829,4.3400,4.3400,4.3400,4.3400,0
20240830,4.3400,4.3400,4.3400,4.3400,0
20240902,4.3400,4.3400,4.3400,4.3400,0
20240903,4.3400,4.3400,4.3400,4.3400,0
20240904,4.3400,4.3400,4.3400,4.3400,0
20240905,4.3400,4.3400,4.3400,4.3400,0
20240906,4.3400,4.3400,4.3400,4.3400,0
20240909,4.3400,4.3400,4.3400,4.3400,0
20240910,4.3400,4.3400,4.3400,4.3400,0
20240911,4.3400,4.3400,4.3400,4.3400,0
20240912,4.3400,4.3400,4.3400,4.3400,0
20240913,4.3400,4.3400,4.3400,4.3400,0
20240916,4.3400,4.3400,4.3400,4.3400,0
20240917,4.3400,4.3400,4.3400,4.3400,0
20240918,4.3400,4.3400,4.3400,4.3400,0
20240919,4.3400,4.3400,4.3400,4.3400,0
20240920,4.3400,4.3400,4.3400,4.3400,0
20240923,4.3400,4.3400,4.3400,4.3400,0
20240924,4.3400,4.3400,4.3400,4.3400,0
20240925,4.3400,4.3400,4.3400,4.3400,0
20240926,4.3400,4.3400,4.3400,4.3400,0
20240927,4.3400,4.3400,4.3400,4.3400,0
20240930,4.3400,4.3400,4.3400,4.3400,0
20241001,4.3400,4.3400,4.3400,4.3400,0
20241002,4.3400,4.3400,4.3400,4.3400,0
20241003,4.3400,4.3400,4.3400,4.3400,0
20241004,4.3400,4.3400,4.3400,4.3400,0
20241007,4.3400,4.3400,4.3400,4.3400,0
20241008,4.3400,4.3400,4.3400,4.3400,0
20241009,4.3400,4.3400,4.3400,4.3400,0
20241010,4.3400,4.3400,4.3400,4.3400,0
20241011,4.3400,4.3400,4.3400,4.3400,0
20241014,4.3400,4.3400,4.3400,4.3400,0
20241015,4.3400,4.3400,4.3400,4.3400,0
20241016,4.3400,4.3400,4.3400,4.3400,0
20241017,4.3400,4.3400,4.3400,4.3400,0
20241018,4.3400,4.3400,4.3400,4.3400,0
20241021,4.3400,4.3400,4.3400,4.3400,0
20241022,4.3400,4.3400,4.3400,4.3400,0
20241023,4.3400,4.3400,4.3400,4.3400,0
20241024,4.3400,4.3400,4.3400,4.3400,0
20241025,4.3400,4.3400,4.3400,4.3400,0
20241028,4.3400,4.3400,4.3400,4.3400,0
20241029,4.3400,4.3400,4.3400,4.3400,0
20241030,4.3400,4.3400,4.3400,4.3400,0
20241031,4.3400,4.3400,4.3400,4.3400,0
20241101,4.3400,4.3400,4.3400,4.3400,0
20241104,4.3400,4.3400,4.3400,4.3400,0
20241105,4.3400,4.3400,4.3400,4.3400,0
20241106,4.3400,4.3400,4.3400,4.3400,0
20241107,4.3400,4.3400,4.3400,4.3400,0
20241108,4.3400,4.3400,4.3400,4.3400,0
20241111,4.3400,4.3400,4.3400,4.3400,0
20241112,4.3400,4.3400,4.3400,4.3400,0
20241113,4.3400,4.3400,4.3400,4.3400,0
20241114,4.3400,4.3400,4.3400,4.3400,0
20241115,4.3400,4.3400,4.3400,4.3400,0
20241118,4.3400,4.3400,4.3400,4.3400,0
20241119,4.3400,4.3400,4.3400,4.3400,0
20241120,4.3400,4.3400,4.3400,4.3400,0
20241121,4.3400,4.3400,4.3400,4.3400,0
20241122,4.3400,4.3400,4.3400,4.3400,0
20241125,4.3400,4.3400,4.3400,4.3400,0
20241126,4.3400,4.3400,4.3400,4.3400,0
20241127,4.3400,4.3400,4.3400,4.3400,0
20241128,4.3400,4.3400,4.3400,4.3400,0
20241129,4.3400,4.3400,4.3400,4.3400,0
20241202,4.3400,4.3400,4.3400,4.3400,0
20241203,4.3400,4.3400,4.3400,4.3400,0
20241204,4.3400,4.3400,4.3400,4.3400,0
20241205,4.3400,4.3400,4.3400,4.3400,0
20241206,4.3400,4.3400,4.3400,4.3400,0
20241209,4.3400,4.3400,4.3400,4.3400,0
20241210,4.3400,4.3400,4.3400,4.3400,0
20241211,4.3400,4.3400,4.3400,4.3400,0
20241212,4.3400,4.3400,4.3400,4.3400,0
20241213,4.3400,4.3400,4.3400,4.3400,0
20241216,4.3400,4.3400,4.3400,4.3400,0
20241217,4.3400,4.3400,4.3400,4.3400,0
20241218,4.3400,4.3400,4.3400,4.3400,0
20241219,4.3400,4.3400,4.3400,4.3400,0
20241220,4.3400,4.3400,4.3400,4.3400,0
20241223,4.3400,4.3400,4.3400,4.3400,0
20241224,4.3400,4.3400,4.3400,4.3400,0
20241227,4.3400,4.3400,4.3400,4.3400,0
20241230,4.3400,4.3400,4.3400,4.3400,0
20241231,4.3400,4.3400,4.3400,4.3400,0
20250102,4.3400,4.3400,4.3400,4.3400,0
20250103,4.3400,4.3400,4.3400,4.3400,0
20250106,4.3400,4.3400,4.3400,4.3400,0
20250107,4.3400,4.3400,4.3400,4.3400,0
20250108,4.3400,4.3400,4.3400,4.3400,0
20250109,4.3400,4.3400,4.3400,4.3400,0
20250110,4.3400,4.3400,4.3400,4.3400,0
20250113,4.3400,4.3400,4.3400,4.3400,0
20250114,4.3400,4.3400,4.3400,4.3400,0
20250115,4.3400,4.3400,4.3400,4.3400,0
20250116,4.3400,4.3400,4.3400,4.3400,0
20250117,4.3400,4.3400,4.3400,4.3400,0
20250120,4.3400,4.3400,4.3400,4.3400,0
20250121,4.3400,4.3400,4.3400,4.3400,0
20250122,4.3400,4.3400,4.3400,4.3400,0
20250123,4.3400,4.3400,4.3400,4.3400,0
20250124,4.3400,4.3400,4.3400,4.3400,0
20250128,4.3400,4.3400,4.3400,4.3400,0
20250129,4.3400,4.3400,4.3400,4.3400,0
20250130,4.3400,4.3400,4.3400,4.3400,0
20250131,4.3400,4.3400,4.3400,4.3400,0
20250203,4.3400,4.3400,4.3400,4.3400,0
20250204,4.3400,4.3400,4.3400,4.3400,0
20250205,4.3400,4.3400,4.3400,4.3400,0
20250206,4.3400,4.3400,4.3400,4.3400,0
20250207,4.3400,4.3400,4.3400,4.3400,0
20250210,4.3400,4.3400,4.3400,4.3400,0
20250211,4.3400,4.3400,4.3400,4.3400,0
20250212,4.3400,4.3400,4.3400,4.3400,0
20250213,4.3400,4.3400,4.3400,4.3400,0
20250214,4.3400,4.3400,4.3400,4.3400,0
20250217,4.3400,4.3400,4.3400,4.3400,0
20250218,4.3400,4.3400,4.3400,4.3400,0
20250219,4.0900,4.0900,4.0900,4.0900,0
20250220,4.0900,4.0900,4.0900,4.0900,0
20250221,4.0900,4.0900,4.0900,4.0900,0
20250224,4.0900,4.0900,4.0900,4.0900,0
20250225,4.0900,4.0900,4.0900,4.0900,0
20250226,4.0900,4.0900,4.0900,4.0900,0
20250227,4.0900,4.0900,4.0900,4.0900,0
20250228,4.0900,4.0900,4.0900,4.0900,0
20250303,4.0900,4.0900,4.0900,4.0900,0
20250304,4.0900,4.0900,4.0900,4.0900,0
20250305,4.0900,4.0900,4.0900,4.0900,0
20250306,4.0900,4.0900,4.0900,4.0900,0
20250307,4.0900,4.0900,4.0900,4.0900,0
20250310,4.0900,4.0900,4.0900,4.0900,0
20250311,4.0900,4.0900,4.0900,4.0900,0
20250312,4.0900,4.0900,4.0900,4.0900,0
20250313,4.0900,4.0900,4.0900,4.0900,0
20250314,4.0900,4.0900,4.0900,4.0900,0
20250317,4.0900,4.0900,4.0900,4.0900,0
20250318,4.0900,4.0900,4.0900,4.0900,0
20250319,4.0900,4.0900,4.0900,4.0900,0
20250320,4.0900,4.0900,4.0900,4.0900,0
20250321,4.0900,4.0900,4.0900,4.0900,0
20250324,4.0900,4.0900,4.0900,4.0900,0
20250325,4.0900,4.0900,4.0900,4.0900,0
20250326,4.0900,4.0900,4.0900,4.0900,0
20250327,4.0900,4.0900,4.0900,4.0900,0
20250328,4.0900,4.0900,4.0900,4.0900,0
20250331,4.0900,4.0900,4.0900,4.0900,0
20250401,4.0900,4.0900,4.0900,4.0900,0
20250402,4.0900,4.0900,4.0900,4.0900,0
20250403,4.0900,4.0900,4.0900,4.0900,0
20250404,4.0900,4.0900,4.0900,4.0900,0
20250407,4.0900,4.0900,4.0900,4.0900,0
20250408,4.0900,4.0900,4.0900,4.0900,0
20250409,4.0900,4.0900,4.0900,4.0900,0
20250410,4.0900,4.0900,4.0900,4.0900,0
20250411,4.0900,4.0900,4.0900,4.0900,0
20250414,4.0900,4.0900,4.0900,4.0900,0
20250415,4.0900,4.0900,4.0900,4.0900,0
20250416,4.0900,4.0900,4.0900,4.0900,0
20250417,4.0900,4.0900,4.0900,4.0900,0
20250422,4.0900,4.0900,4.0900,4.0900,0
20250423,4.0900,4.0900,4.0900,4.0900,0
20250424,4.0900,4.0900,4.0900,4.0900,0
20250428,4.0900,4.0900,4.0900,4.0900,0
20250429,4.0900,4.0900,4.0900,4.0900,0
20250430,4.0900,4.0900,4.0900,4.0900,0
20250501,4.0900,4.0900,4.0900,4.0900,0
20250502,4.0900,4.0900,4.0900,4.0900,0
20250505,4.0900,4.0900,4.0900,4.0900,0
20250506,4.0900,4.0900,4.0900,4.0900,0
20250507,4.0900,4.0900,4.0900,4.0900,0
20250508,4.0900,4.0900,4.0900,4.0900,0
20250509,4.0900,4.0900,4.0900,4.0900,0
20250512,4.0900,4.0900,4.0900,4.0900,0
20250513,4.0900,4.0900,4.0900,4.0900,0
20250514,4.0900,4.0900,4.0900,4.0900,0
20250515,4.0900,4.0900,4.0900,4.0900,0
20250516,4.0900,4.0900,4.0900,4.0900,0
20250519,4.0900,4.0900,4.0900,4.0900,0
20250520,4.0900,4.0900,4.0900,4.0900,0
20250521,3.8400,3.8400,3.8400,3.8400,0
20250522,3.8400,3.8400,3.8400,3.8400,0
20250523,3.8400,3.8400,3.8400,3.8400,0
20250526,3.8400,3.8400,3.8400,3.8400,0
20250527,3.8400,3.8400,3.8400,3.8400,0
20250528,3.8400,3.8400,3.8400,3.8400,0
20250529,3.8400,3.8400,3.8400,3.8400,0
20250530,3.8400,3.8400,3.8400,3.8400,0
20250602,3.8400,3.8400,3.8400,3.8400,0
20250603,3.8400,3.8400,3.8400,3.8400,0
20250604,3.8400,3.8400,3.8400,3.8400,0
20250605,3.8400,3.8400,3.8400,3.8400,0
20250606,3.8400,3.8400,3.8400,3.8400,0
20250610,3.8400,3.8400,3.8400,3.8400,0
20250611,3.8400,3.8400,3.8400,3.8400,0
20250612,3.8400,3.8400,3.8400,3.8400,0
20250613,3.8400,3.8400,3.8400,3.8400,0
20250616,3.8400,3.8400,3.8400,3.8400,0
20250617,3.8400,3.8400,3.8400,3.8400,0
20250618,3.8400,3.8400,3.8400,3.8400,0
20250619,3.8400,3.8400,3.8400,3.8400,0
20250620,3.8400,3.8400,3.8400,3.8400,0
20250623,3.8400,3.8400,3.8400,3.8400,0
20250624,3.8400,3.8400,3.8400,3.8400,0
20250625,3.8400,3.8400,3.8400,3.8400,0
20250626,3.8400,3.8400,3.8400,3.8400,0
20250627,3.8400,3.8400,3.8400,3.8400,0
20250630,3.8400,3.8400,3.8400,3.8400,0
20250701,3.8400,3.8400,3.8400,3.8400,0
20250702,3.8400,3.8400,3.8400,3.8400,0
20250703,3.8400,3.8400,3.8400,3.8400,0
20250704,3.8400,3.8400,3.8400,3.8400,0
20250707,3.8400,3.8400,3.8400,3.8400,0
20250708,3.8400,3.8400,3.8400,3.8400,0
20250709,3.8400,3.8400,3.8400,3.8400,0
20250710,3.8400,3.8400,3.8400,3.8400,0
20250711,3.8400,3.8400,3.8400,3.8400,0
20250714,3.8400,3.8400,3.8400,3.8400,0
20250715,3.8400,3.8400,3.8400,3.8400,0
20250716,3.8400,3.8400,3.8400,3.8400,0
20250717,3.8400,3.8400,3.8400,3.8400,0
20250718,3.8400,3.8400,3.8400,3.8400,0
20250721,3.8400,3.8400,3.8400,3.8400,0
20250722,3.8400,3.8400,3.8400,3.8400,0
20250723,3.8400,3.8400,3.8400,3.8400,0
20250724,3.8400,3.8400,3.8400,3.8400,0
20250725,3.8400,3.8400,3.8400,3.8400,0
20250728,3.8400,3.8400,3.8400,3.8400,0
20250729,3.8400,3.8400,3.8400,3.8400,0
20250730,3.8400,3.8400,3.8400,3.8400,0
20250731,3.8400,3.8400,3.8400,3.8400,0
20250801,3.8400,3.8400,3.8400,3.8400,0
20250804,3.8400,3.8400,3.8400,3.8400,0
20250805,3.8400,3.8400,3.8400,3.8400,0
20250806,3.8400,3.8400,3.8400,3.8400,0
20250807,3.8400,3.8400,3.8400,3.8400,0
20250808,3.8400,3.8400,3.8400,3.8400,0
20250811,3.8400,3.8400,3.8400,3.8400,0
20250812,3.8400,3.8400,3.8400,3.8400,0
20250813,3.5900,3.5900,3.5900,3.5900,0
20250814,3.5900,3.5900,3.5900,3.5900,0
20250815,3.5900,3.5900,3.5900,3.5900,0
20250818,3.5900,3.5900,3.5900,3.5900,0
20250819,3.5900,3.5900,3.5900,3.5900,0
20250820,3.5900,3.5900,3.5900,3.5900,0
20250821,3.5900,3.5900,3.5900,3.5900,0
20250822,3.5900,3.5900,3.5900,3.5900,0
20250825,3.5900,3.5900,3.5900,3.5900,0
20250826,3.5900,3.5900,3.5900,3.5900,0
20250827,3.5900,3.5900,3.5900,3.5900,0
20250828,3.5900,3.5900,3.5900,3.5900,0
20250829,3.5900,3.5900,3.5900,3.5900,0
20250901,3.5900,3.5900,3.5900,3.5900,0
20250902,3.5900,3.5900,3.5900,3.5900,0
20250903,3.5900,3.5900,3.5900,3.5900,0
20250904,3.5900,3.5900,3.5900,3.5900,0
20250905,3.5900,3.5900,3.5900,3.5900,0
20250908,3.6000,3.6000,3.6000,3.6000,0
20250909,3.6000,3.6000,3.6000,3.6000,0
20250910,3.6000,3.6000,3.6000,3.6000,0
20250911,3.6000,3.6000,3.6000,3.6000,0
20250912,3.6000,3.6000,3.6000,3.6000,0
20250915,3.6000,3.6000,3.6000,3.6000,0
20250916,3.6000,3.6000,3.6000,3.6000,0
20250917,3.6000,3.6000,3.6000,3.6000,0
20250918,3.6000,3.6000,3.6000,3.6000,0
20250919,3.6000,3.6000,3.6000,3.6000,0
20250922,3.6000,3.6000,3.6000,3.6000,0
20250923,3.6000,3.6000,3.6000,3.6000,0
20250924,3.6000,3.6000,3.6000,3.6000,0
20250925,3.6000,3.6000,3.6000,3.6000,0
20250926,3.6000,3.6000,3.6000,3.6000,0
20250929,3.6000,3.6000,3.6000,3.6000,0
20250930,3.5900,3.5900,3.5900,3.5900,0
20251001,3.6000,3.6000,3.6000,3.6000,0
20251002,3.6000,3.6000,3.6000,3.6000,0
20251003,3.6000,3.6000,3.6000,3.6000,0
20251006,3.6000,3.6000,3.6000,3.6000,0
20251007,3.6000,3.6000,3.6000,3.6000,0
20251008,3.6000,3.6000,3.6000,3.6000,0
20251009,3.6000,3.6000,3.6000,3.6000,0
20251010,3.6000,3.6000,3.6000,3.6000,0
20251013,3.6000,3.6000,3.6000,3.6000,0
20251014,3.6000,3.6000,3.6000,3.6000,0
20251015,3.6000,3.6000,3.6000,3.6000,0
20251016,3.6000,3.6000,3.6000,3.6000,0
20251017,3.6000,3.6000,3.6000,3.6000,0
20251020,3.6000,3.6000,3.6000,3.6000,0
20251021,3.6000,3.6000,3.6000,3.6000,0
20251022,3.6000,3.6000,3.6000,3.6000,0
20251023,3.6000,3.6000,3.6000,3.6000,0
20251024,3.6000,3.6000,3.6000,3.6000,0
20251027,3.6000,3.6000,3.6000,3.6000,0
20251028,3.6000,3.6000,3.6000,3.6000,0
20251029,3.6000,3.6000,3.6000,3.6000,0
20251030,3.6000,3.6000,3.6000,3.6000,0
20251031,3.6000,3.6000,3.6000,3.6000,0
20251103,3.6000,3.6000,3.6000,3.6000,0
20251104,3.6000,3.6000,3.6000,3.6000,0
20251105,3.6000,3.6000,3.6000,3.6000,0
20251106,3.6000,3.6000,3.6000,3.6000,0
20251107,3.6000,3.6000,3.6000,3.6000,0
20251110,3.6000,3.6000,3.6000,3.6000,0
20251111,3.6000,3.6000,3.6000,3.6000,0
20251112,3.6000,3.6000,3.6000,3.6000,0
20251113,3.6000,3.6000,3.6000,3.6000,0
20251114,3.6000,3.6000,3.6000,3.6000,0
20251117,3.6000,3.6000,3.6000,3.6000,0
20251118,3.6000,3.6000,3.6000,3.6000,0
20251119,3.6000,3.6000,3.6000,3.6000,0
20251120,3.6000,3.6000,3.6000,3.6000,0
20251121,3.6000,3.6000,3.6000,3.6000,0
20251124,3.6000,3.6000,3.6000,3.6000,0
20251125,3.6000,3.6000,3.6000,3.6000,0
20251126,3.6000,3.6000,3.6000,3.6000,0
20251127,3.6000,3.6000,3.6000,3.6000,0
20251128,3.6000,3.6000,3.6000,3.6000,0
20251201,3.6000,3.6000,3.6000,3.6000,0
20251202,3.6000,3.6000,3.6000,3.6000,0
20251203,3.6000,3.6000,3.6000,3.6000,0
20251204,3.6000,3.6000,3.6000,3.6000,0
20251205,3.6000,3.6000,3.6000,3.6000,0
20251208,3.6000,3.6000,3.6000,3.6000,0
20251209,3.6000,3.6000,3.6000,3.6000,0
20251210,3.6000,3.6000,3.6000,3.6000,0
20251211,3.6000,3.6000,3.6000,3.6000,0
20251212,3.6000,3.6000,3.6000,3.6000,0
20251215,3.6000,3.6000,3.6000,3.6000,0
20251216,3.6000,3.6000,3.6000,3.6000,0
20251217,3.6000,3.6000,3.6000,3.6000,0
20251218,3.6000,3.6000,3.6000,3.6000,0
20251219,3.6000,3.6000,3.6000,3.6000,0
20251222,3.6000,3.6000,3.6000,3.6000,0
20251223,3.6000,3.6000,3.6000,3.6000,0
20251224,3.6000,3.6000,3.6000,3.6000,0
20251229,3.6000,3.6000,3.6000,3.6000,0
20251230,3.6000,3.6000,3.6000,3.6000,0
20251231,3.6000,3.6000,3.6000,3.6000,0
20260102,3.6000,3.6000,3.6000,3.6000,0
20260105,3.6000,3.6000,3.6000,3.6000,0
20260106,3.6000,3.6000,3.6000,3.6000,0
20260107,3.6000,3.6000,3.6000,3.6000,0
20260108,3.6000,3.6000,3.6000,3.6000,0
20260109,3.6000,3.6000,3.6000,3.6000,0
20260112,3.6000,3.6000,3.6000,3.6000,0
20260113,3.6000,3.6000,3.6000,3.6000,0
20260114,3.6000,3.6000,3.6000,3.6000,0
20260115,3.6000,3.6000,3.6000,3.6000,0
20260116,3.6000,3.6000,3.6000,3.6000,0
20260119,3.6000,3.6000,3.6000,3.6000,0
20260120,3.6000,3.6000,3.6000,3.6000,0
20260121,3.6000,3.6000,3.6000,3.6000,0
20260122,3.6000,3.6000,3.6000,3.6000,0
20260123,3.6000,3.6000,3.6000,3.6000,0
20260127,3.6000,3.6000,3.6000,3.6000,0
20260128,3.6000,3.6000,3.6000,3.6000,0
20260129,3.6000,3.6000,3.6000,3.6000,0
20260130,3.6000,3.6000,3.6000,3.6000,0
20260202,3.6000,3.6000,3.6000,3.6000,0
20260203,3.6000,3.6000,3.6000,3.6000,0
20260204,3.8500,3.8500,3.8500,3.8500,0
20260205,3.8500,3.8500,3.8500,3.8500,0
20260206,3.8500,3.8500,3.8500,3.8500,0
20260209,3.8500,3.8500,3.8500,3.8500,0
20260210,3.8500,3.8500,3.8500,3.8500,0
20260211,3.8500,3.8500,3.8500,3.8500,0
20260212,3.8500,3.8500,3.8500,3.8500,0
20260213,3.8500,3.8500,3.8500,3.8500,0
20260216,3.8500,3.8500,3.8500,3.8500,0
20260217,3.8500,3.8500,3.8500,3.8500,0
20260218,3.8500,3.8500,3.8500,3.8500,0
20260219,3.8500,3.8500,3.8500,3.8500,0
20260220,3.8500,3.8500,3.8500,3.8500,0
20260223,3.8500,3.8500,3.8500,3.8500,0
20260224,3.8500,3.8500,3.8500,3.8500,0
20260225,3.8500,3.8500,3.8500,3.8500,0
20260226,3.8500,3.8500,3.8500,3.8500,0
20260227,3.8500,3.8500,3.8500,3.8500,0
20260302,3.8500,3.8500,3.8500,3.8500,0
20260303,3.8500,3.8500,3.8500,3.8500,0
20260304,3.8500,3.8500,3.8500,3.8500,0
20260305,3.8500,3.8500,3.8500,3.8500,0
20260306,3.8500,3.8500,3.8500,3.8500,0
20260309,3.8500,3.8500,3.8500,3.8500,0
20260310,3.8500,3.8500,3.8500,3.8500,0
20260311,3.8500,3.8500,3.8500,3.8500,0
20260312,3.8500,3.8500,3.8500,3.8500,0
20260313,3.8500,3.8500,3.8500,3.8500,0
20260316,3.8500,3.8500,3.8500,3.8500,0
20260317,3.8500,3.8500,3.8500,3.8500,0
20260318,4.1000,4.1000,4.1000,4.1000,0
20260319,4.1000,4.1000,4.1000,4.1000,0
20260320,4.1000,4.1000,4.1000,4.1000,0
20260323,4.1000,4.1000,4.1000,4.1000,0
20260324,4.1000,4.1000,4.1000,4.1000,0
20260325,4.1000,4.1000,4.1000,4.1000,0
20260326,4.1000,4.1000,4.1000,4.1000,0
20260327,4.1000,4.1000,4.1000,4.1000,0
20260330,4.1000,4.1000,4.1000,4.1000,0
20260331,4.1000,4.1000,4.1000,4.1000,0
20260401,4.1000,4.1000,4.1000,4.1000,0
20260402,4.1000,4.1000,4.1000,4.1000,0
20260407,4.1000,4.1000,4.1000,4.1000,0
20260408,4.1000,4.1000,4.1000,4.1000,0
20260409,4.1000,4.1000,4.1000,4.1000,0
20260410,4.1000,4.1000,4.1000,4.1000,0
20260413,4.1000,4.1000,4.1000,4.1000,0
20260414,4.1000,4.1000,4.1000,4.1000,0
20260415,4.1000,4.1000,4.1000,4.1000,0
20260416,4.1000,4.1000,4.1000,4.1000,0
20260417,4.1000,4.1000,4.1000,4.1000,0
20260420,4.1000,4.1000,4.1000,4.1000,0
20260421,4.1000,4.1000,4.1000,4.1000,0
20260422,4.1000,4.1000,4.1000,4.1000,0
20260423,4.1000,4.1000,4.1000,4.1000,0
20260424,4.1000,4.1000,4.1000,4.1000,0
20260427,4.1000,4.1000,4.1000,4.1000,0
20260428,4.1000,4.1000,4.1000,4.1000,0
20260429,4.1000,4.1000,4.1000,4.1000,0
20260430,4.1000,4.1000,4.1000,4.1000,0
20260501,4.1000,4.1000,4.1000,4.1000,0
20260504,4.1000,4.1000,4.1000,4.1000,0
20260505,4.1000,4.1000,4.1000,4.1000,0
20260506,4.3500,4.3500,4.3500,4.3500,0
20260507,4.3500,4.3500,4.3500,4.3500,0
20260508,4.3500,4.3500,4.3500,4.3500,0
20260511,4.3500,4.3500,4.3500,4.3500,0
20260512,4.3500,4.3500,4.3500,4.3500,0
20260513,4.3500,4.3500,4.3500,4.3500,0
20260514,4.3500,4.3500,4.3500,4.3500,0
20260515,4.3500,4.3500,4.3500,4.3500,0
20260518,4.3500,4.3500,4.3500,4.3500,0
20260519,4.3500,4.3500,4.3500,4.3500,0
20260520,4.3500,4.3500,4.3500,4.3500,0
20260521,4.3500,4.3500,4.3500,4.3500,0
20260522,4.3500,4.3500,4.3500,4.3500,0
20260525,4.3500,4.3500,4.3500,4.3500,0
20260526,4.3500,4.3500,4.3500,4.3500,0
20260527,4.3500,4.3500,4.3500,4.3500,0
20260528,4.3500,4.3500,4.3500,4.3500,0
